{
  "sequential": 26.111206769943237,
  "parallel_2": 12.401384115219116,
  "speedup_2": 2.1055074600825625,
  "parallel_4": 12.733667850494385,
  "speedup_4": 2.0505644623775443,
  "parallel_8": 12.456565141677856,
  "speedup_8": 2.0961803252309847
}